"source","term_name","term_id","highlighted","adjusted_p_value","negative_log10_of_adjusted_p_value","term_size","query_size","intersection_size","effective_domain_size","intersections"
"GO:MF","signaling receptor binding","GO:0005102","true","0.00004655068405653984","4.332073932732096","284","213","20","11911","ITP,ASTC,CG31869,ARR2,GALPHAI,CNMA,MYO,CG10365,ARR1,APOLPP,SIFA,MYD88,PDF,GBP1,ILP5,PROC,CAPA,STUMPS,FOG,GLAZ"
"GO:MF","hormone activity","GO:0005179","false","0.0008019764034320487","3.0958384097831844","51","213","8","11911","ITP,ASTC,CNMA,SIFA,PDF,ILP5,PROC,CAPA"
"GO:MF","receptor ligand activity","GO:0048018","false","0.0011128116034302082","2.953578354547788","110","213","11","11911","ITP,ASTC,CNMA,MYO,SIFA,PDF,GBP1,ILP5,PROC,CAPA,FOG"
"GO:MF","signaling receptor activator activity","GO:0030546","false","0.001717759517125285","2.765037636602484","115","213","11","11911","ITP,ASTC,CNMA,MYO,SIFA,PDF,GBP1,ILP5,PROC,CAPA,FOG"
"GO:MF","neuropeptide hormone activity","GO:0005184","false","0.0027304369566914627","2.563767846477677","29","213","6","11911","ITP,CNMA,SIFA,PDF,PROC,CAPA"
"GO:MF","neuropeptide activity","GO:0160041","false","0.0027304369566914627","2.563767846477677","29","213","6","11911","ITP,CNMA,SIFA,PDF,PROC,CAPA"
"GO:MF","signaling receptor regulator activity","GO:0030545","false","0.004131501810241769","2.383892052618819","126","213","11","11911","ITP,ASTC,CNMA,MYO,SIFA,PDF,GBP1,ILP5,PROC,CAPA,FOG"
"GO:MF","transporter activity","GO:0005215","true","0.0066067211324711324","2.180014024232238","862","213","33","11911","CG7888,PICOT,LIST,CG7084,WTRW,CG43693,OATP58DC,IRK3,MFS9,NPC2A,ZYD,CG12926,CG5254,OGRE,CG6723,CLC-A,ORCT,CG42235,CG3168,CG9657,CG3790,CG1358,APOLPP,MND,NACHRBETA3,CG3036,RH50,CG5888,CG32091,E23,INX2,NEMY,CG6356"
"GO:MF","transmembrane transporter activity","GO:0022857","false","0.011251058575926615","1.948806614258797","807","213","31","11911","CG7888,PICOT,LIST,CG7084,WTRW,CG43693,OATP58DC,IRK3,MFS9,ZYD,CG5254,OGRE,CG6723,CLC-A,ORCT,CG42235,CG3168,CG9657,CG3790,CG1358,APOLPP,MND,NACHRBETA3,CG3036,RH50,CG5888,CG32091,E23,INX2,NEMY,CG6356"
"GO:MF","G protein-coupled receptor binding","GO:0001664","false","0.027102872737542267","1.5669846741462392","61","213","7","11911","ARR2,GALPHAI,ARR1,SIFA,PROC,CAPA,FOG"
"GO:MF","oxidoreductase activity","GO:0016491","true","0.033048208971673924","1.4808520718756386","660","213","26","11911","SOD3,CG5955,IRC,ARR2,CYP4G15,SODH-2,CG9467,CG6287,CYP28D1,CYP12A4,GILT2,CG7966,CG17896,CYP28A5,CG31549,GILT3,CG3270,GSTD2,CG10863,CG2254,CG9436,GSTS1,CYP12E1,SESN,NEMY,CG10131"
"GO:BP","transport","GO:0006810","true","0.00015001207869548254","3.823873770946962","2021","202","65","11687","ITP,TSF1,ARC1,RHO,TWIT,CED-6,CG7888,CG31676,PICOT,LIST,NRV2,CG7084,SANTA-MARIA,RAC2,WTRW,CG43693,OATP58DC,ARR2,IRK3,MFS9,NPC2A,HOE1,ANXB9,ZYD,CG12926,HDAC6,REPO,CG5254,CDASE,CG14401,OGRE,CG6723,SAP-R,CLC-A,ORCT,SPARC,CG42235,CG3168,ARR1,CG9657,CG3790,CG1358,EDL,SYB,APOLPP,SONA,MND,MGL,NACHRBETA3,CG3036,RH50,RIP11,GBP1,FABP,CG5888,NPC2G,CG32091,CAPA,E23,INX2,NUF,NEMY,CG6356,CG3091,LECTIN-28C"
"GO:BP","glial cell differentiation","GO:0010001","true","0.0002693961080617819","3.569608682775993","39","202","8","11687","N,NRV2,GALPHAI,REPO,MOODY,HTL,STUMPS,FOG"
"GO:BP","establishment of localization","GO:0051234","false","0.0005341299725799113","3.2723530510126335","2137","202","66","11687","ITP,TSF1,ARC1,RHO,TWIT,CED-6,CG7888,CG31676,PICOT,LIST,NRV2,CG7084,SANTA-MARIA,RAC2,WTRW,CG43693,OATP58DC,ARR2,IRK3,MFS9,NPC2A,HOE1,ANXB9,GALPHAI,ZYD,CG12926,HDAC6,REPO,CG5254,CDASE,CG14401,OGRE,CG6723,SAP-R,CLC-A,ORCT,SPARC,CG42235,CG3168,ARR1,CG9657,CG3790,CG1358,EDL,SYB,APOLPP,SONA,MND,MGL,NACHRBETA3,CG3036,RH50,RIP11,GBP1,FABP,CG5888,NPC2G,CG32091,CAPA,E23,INX2,NUF,NEMY,CG6356,CG3091,LECTIN-28C"
"GO:BP","glial cell development","GO:0021782","false","0.0012119640697384742","2.9165102552073705","33","202","7","11687","NRV2,GALPHAI,REPO,MOODY,HTL,STUMPS,FOG"
"GO:BP","transmembrane transport","GO:0055085","false","0.002768308468109245","2.55778551879129","882","202","35","11687","CG7888,CG31676,PICOT,LIST,NRV2,CG7084,WTRW,CG43693,OATP58DC,IRK3,MFS9,HOE1,ZYD,CG5254,CG14401,OGRE,CG6723,CLC-A,ORCT,CG42235,CG3168,CG9657,CG3790,CG1358,APOLPP,MND,NACHRBETA3,CG3036,RH50,CG5888,CG32091,E23,INX2,NEMY,CG6356"
"GO:BP","localization","GO:0051179","false","0.002985216692334189","2.525024138615236","2432","202","70","11687","ITP,TSF1,ARC1,RHO,N,TWIT,CED-6,CG7888,CG31676,PICOT,LIST,NRV2,CG7084,SANTA-MARIA,RAC2,WTRW,CG43693,OATP58DC,ARR2,IRK3,MFS9,NPC2A,HOE1,ANXB9,GALPHAI,ZYD,CG12926,HDAC6,REPO,CG5254,CDASE,CG14401,OGRE,CG6723,TSP42EF,INVADOLYSIN,SAP-R,CLC-A,ORCT,SPARC,CG42235,CG3168,ARR1,CG9657,CG3790,CG1358,EDL,SYB,APOLPP,SONA,MND,MGL,NACHRBETA3,CG3036,RH50,RIP11,GBP1,FABP,CG8312,CG5888,NPC2G,CG32091,CAPA,E23,INX2,NUF,NEMY,CG6356,CG3091,LECTIN-28C"
"GO:BP","response to external stimulus","GO:0009605","true","0.011628489569911669","1.9344766923268433","901","202","34","11687","TSF1,DRO,ARC1,RH2,DPTA,N,ATTC,CG11426,OBP99C,SANTA-MARIA,RAC2,ARR2,NPC2A,DPTB,HDAC6,ATTD,GILT2,OGRE,CATHD,ARR1,DRS,TIMP,MYD88,KAY,PDF,GBP1,PGRP-LA,INX2,SESN,HTL,MTK,ATTB,MTL,GLAZ"
"GO:BP","mesodermal cell migration","GO:0008078","true","0.01842555282155037","1.7345794731434239","20","202","5","11687","RAC2,HTL,STUMPS,FOG,MTL"
"GO:BP","response to wounding","GO:0009611","true","0.02162341317771057","1.6650757531556255","135","202","11","11687","MMP1,RAC2,DPTB,HDAC6,ATTD,DRS,KAY,GBP1,PKN,MTK,MTL"
"GO:BP","gliogenesis","GO:0042063","false","0.02428163022648014","1.6147221588407192","90","202","9","11687","N,NRV2,GALPHAI,REPO,MOODY,HTL,STUMPS,BNB,FOG"
"GO:BP","glutathione metabolic process","GO:0006749","true","0.02524146202039868","1.597885493762186","51","202","7","11687","GSTE1,GSTE2,GSTD9,CG4829,CG10365,GSTD2,GSTS1"
"GO:BP","defense response to bacterium","GO:0042742","true","0.026929906947925887","1.5697651472224345","279","202","16","11687","DRO,DPTA,ATTC,RAC2,NPC2A,DPTB,ATTD,GILT2,CATHD,DRS,MYD88,KAY,PGRP-LA,HTL,MTK,ATTB"
"GO:CC","extracellular region","GO:0005576","true","1.4357776356540396e-11","10.842912815724807","1154","213","58","12059","ITP,TSF1,DRO,CG15201,ARC1,DPTA,ATTC,A10,ANA,IDGF3,MMP1,SOD3,OBP99C,CG6218,ASTC,CG31869,CG5758,MFAS,NPC2A,DPTB,AXO,NIMB4,CNMA,MYO,CG2852,CDASE,HEXO2,ATTD,GILT2,GEL,CATHD,SAP-R,CG7509,SPARC,DRS,TIMP,APOLPP,SONA,GILT3,SIFA,PDF,GBP1,ILP5,ARC2,NPC2G,SPN43AB,PROC,OBP18A,CAPA,OBP8A,NEP4,LMANII,NIMB5,MTK,ATTB,FOG,LECTIN-28C,GLAZ"
"GO:CC","extracellular space","GO:0005615","false","0.000012749767136859744","4.894497747159468","738","213","35","12059","ITP,TSF1,CG15201,ATTC,MMP1,SOD3,CG6218,ASTC,CG31869,CG5758,MFAS,NPC2A,DPTB,CNMA,MYO,CG2852,HEXO2,SAP-R,CG7509,SPARC,DRS,TIMP,APOLPP,SONA,SIFA,PDF,GBP1,ILP5,SPN43AB,PROC,CAPA,NEP4,FOG,LECTIN-28C,GLAZ"
"GO:CC","plasma membrane","GO:0005886","true","0.0016962587257109364","2.7705079052756916","1754","213","55","12059","TSF1,RH2,CG32521,TSP42ED,CG44325,N,TWIT,MMP1,SOD3,CG11426,CG9507,CG31676,PICOT,LIST,NRV2,SANTA-MARIA,RAC2,CG43693,CG4829,OATP58DC,IRK3,CG5080,CG3940,GALPHAI,ZYD,CG14401,HEXO2,OGRE,CG6723,TSP42EF,CLC-A,CG42235,CG9657,CG3790,CG1358,SYB,MGL,MYD88,NACHRBETA3,CG3036,RH50,PKN,PGRP-LA,CG5888,WRAPPER,TSP42EE,CG32091,E23,NEP4,INX2,NUF,MOODY,HTL,WKD,MTL"
"GO:CC","cell periphery","GO:0071944","false","0.002890210318965535","2.539070552730408","2153","213","63","12059","TSF1,RH2,CG32521,TSP42ED,CG44325,N,TWIT,MMP1,SOD3,CG11426,CG9507,CG31676,PICOT,LIST,NRV2,SANTA-MARIA,RAC2,CG43693,CG4829,OATP58DC,IRK3,CG5758,MFAS,ANXB9,CG5080,CG3940,GALPHAI,ZYD,CG14401,HEXO2,OGRE,CG6723,TSP42EF,CG7509,CLC-A,SPARC,CG42235,CG9657,CG3790,CG1358,SYB,TIMP,SONA,MGL,MYD88,NACHRBETA3,CG3036,RH50,PKN,PGRP-LA,CG5888,WRAPPER,TSP42EE,CG32091,E23,NEP4,INX2,NUF,MOODY,HTL,WKD,CG17739,MTL"
"GO:CC","membrane","GO:0016020","false","0.010450195186355832","1.9808755978241583","4429","213","106","12059","TSF1,ARC1,RH2,CG32521,TSP42ED,CG44325,RHO,N,TWIT,MMP1,SOD3,CG11426,CG9507,CG7888,CG31676,PICOT,LIST,CG32032,NRV2,CG7084,CG30438,SANTA-MARIA,RAC2,CG30285,WTRW,CG43693,CG4829,CG31869,OATP58DC,IRK3,MFS9,CYP4G15,CG31663,CG15098,HOE1,CG5080,CG3940,GALPHAI,CG9467,CG4250,AXO,NIMB4,CG12730,CYP28D1,CG42394,ZYD,MSR-110,CNMA,CYP12A4,CG5254,CG14401,HEXO2,OGRE,CG6723,TSP42EF,INVADOLYSIN,CLC-A,ORCT,CG11791,CG42235,CG3168,CALPB,CG9657,GLCAT-P,CYP28A5,CG3790,CG14945,CG1358,SYB,APOLPP,CG1537,JHEH3,MND,MGL,MYD88,NACHRBETA3,CG3036,RH50,RIP11,PKN,FNG,ARC2,PGRP-LA,CG5888,WRAPPER,CG2254,TSP42EE,SPN43AB,CG18343,CG32091,CG9917,E23,NEP4,CYP12E1,INX2,NUF,CG3328,MOODY,HTL,NEMY,CG12012,KARL,WKD,CG6356,CG1146,MTL"
"GO:CC","cellular anatomical entity","GO:0110165","false","0.012511015003278413","1.902707455099446","10618","213","204","12059","ITP,TSF1,DRO,CG15201,ARC1,RH2,DPTA,CG32521,TSP42ED,CG44325,RHO,N,ATTC,TWIT,TREH,A10,ANA,IDGF3,CED-6,MMP1,GSTE1,SOD3,CG11426,CG9507,CG7888,CG31676,PICOT,LIST,OBP99C,CG6218,STA,RPL22,CG32032,NRV2,CG7084,AAY,ASTC,CG30438,GSTE2,SANTA-MARIA,CIB,RAC2,GSTD9,CG30285,WTRW,CG43693,CG4829,HIS2B:CG33868,CG31869,OATP58DC,ARR2,IRK3,MFS9,PDK,CG5758,CYP4G15,CG31663,MFAS,NPC2A,CG15098,DPTB,HOE1,ANXB9,CG5080,CG3940,RHOGAP18B,XRP1,GALPHAI,CG9467,CG4250,AXO,NIMB4,CG12730,CYP28D1,CG10527,CG42394,ZYD,CG12926,MSR-110,CNMA,MYO,CG2852,CYP12A4,HDAC6,PABP2,REPO,CG5254,CDASE,CG7860,CG14401,HEXO2,ATTD,GILT2,OGRE,GEL,CATHD,CG17896,CG6723,CG10365,TSP42EF,CG13124,INVADOLYSIN,SAP-R,CG7509,CLC-A,ORCT,SPARC,CG11791,CG42235,CG3168,ARR1,CALPB,CG9657,GLCAT-P,CYP28A5,PDGY,CG3790,PB,DRS,CG10361,GS2,CG14945,CG1358,MLT,EDL,SYB,TIMP,CG34423,APOLPP,CG1537,GOT1,SONA,GILT3,JHEH3,SIFA,CG3270,CAH1,MND,MGL,MYD88,KAY,GSTD2,PDF,NACHRBETA3,CG3036,RH50,RIP11,GBP1,PKN,FNG,CG10863,ILP5,ARC2,ANXB11,FABP,CG8312,PGRP-LA,CG5888,WRAPPER,CG2254,CG9436,NPC2G,CER,TSP42EE,CSAS,SPN43AB,PROC,CG18343,OBP18A,CG32091,CAPA,CG9917,OBP8A,E23,GSTS1,NEP4,CYP12E1,INX2,SESN,NUF,EEF1ALPHA1,CG3328,MOODY,HTL,LMANII,NIMB5,MTK,NEMY,HNF4,ATTB,CG12012,STUMPS,KARL,WKD,CREBA,CG6356,FOG,E,CG3091,CG1146,CG17739,MTL,LECTIN-28C,GLAZ"
"KEGG","Lysosome","KEGG:04142","false","0.00307244290795591","2.512516178413868","123","68","10","3541","TSP42ED,PICOT,NPC2A,CG4250,HEXO2,CATHD,SAP-R,NPC2G,TSP42EE,LMANII"
"KEGG","Glutathione metabolism","KEGG:00480","false","0.022456825074682524","1.6486516438898635","79","68","7","3541","GSTE1,GSTE2,GSTD9,CG4829,CG10365,GSTD2,GSTS1"
"TF","Factor: AP-1; motif: NTGASTCAG; match class: 1","TF:M00199_1","false","0.005962687077901755","2.2245579818510577","1127","250","40","13981","TSF1,CG6357,RHO,TREH,CED-6,MMP1,GSTE1,LIST,CG32032,NRV2,GSTE2,IRC,RAC2,CG30285,ALRM,CG31869,MFAS,CG10126,CG14141,CG12730,CG10527,PABP2,CG42867,GILT2,CG42235,CG3168,ARR1,CG9657,GLCAT-P,CG1537,GSTD2,PKN,CG9686,ANXB11,CG5888,CG18343,CAPA,INX2,HTL,FOG"
"TF","Factor: En; motif: NYAATTAN","TF:M07791","false","0.006672517066026886","2.175710306761612","3512","250","92","13981","ITP,TSF1,CG15201,CG6357,CG9377,RH2,CG32521,TSP42ED,CG44325,CG11407,ATTC,TREH,CED-6,CG13053,GSTE1,CG31706,SOD3,CG31248,CG9507,LIST,NRV2,CG7084,ASTC,CG30285,WTRW,CG43693,CG31869,MFS9,CG5758,CG31663,CG8745,NPC2A,CG15098,DPTB,HOE1,ANXB9,CG5080,CG14629,CG3940,CG2233,CG12730,CYP28D1,CG10527,CNMA,CYP12A4,CG14401,HEXO2,CG12065,CG17896,CG10365,CG31974,CG34445,CG11791,CG42235,CG3168,ARR1,CG9657,CG3790,CG14945,CG1358,APOLPP,GOT1,SONA,GILT3,MND,MYD88,KAY,PDF,NACHRBETA3,RH50,ILP5,ANXB11,FABP,PGRP-LA,WRAPPER,CG9436,NPC2G,TSP42EE,OBP8A,MTNA,NEP4,NUF,LMANII,ATTB,STUMPS,KARL,WKD,FOG,E,CG3091,CG1146,GLAZ"
"TF","Factor: CF2-II; motif: GTATATATA; match class: 1","TF:M00013_1","false","0.0118538218340758","1.9261416046032631","140","250","11","13981","NIMB4,REPO,CG12065,CATHD,GILT3,KAY,CG9686,ANXB11,OBP8A,LMANII,CG3091"
"TF","Factor: CF2-II; motif: RTATATRTA; match class: 1","TF:M00012_1","false","0.0118538218340758","1.9261416046032631","140","250","11","13981","NIMB4,REPO,CG12065,CATHD,GILT3,KAY,CG9686,ANXB11,OBP8A,LMANII,CG3091"
"TF","Factor: Lbe; motif: NYAATTAN","TF:M07804","false","0.016444366368245845","1.7839828560260191","4772","250","115","13981","ITP,TSF1,CG16743,CG9377,RH2,DPTA,CG32521,TSP42ED,CG11407,ATTC,CED-6,CG13053,CG31248,CG31705,CG11426,CG7888,CG31676,PICOT,LIST,CG9689,NRV2,CG7084,ASTC,CG30438,CG30285,CG5895,CG43693,CG4829,HIS2B:CG33868,CG31869,CG5758,CG31663,MFAS,DPTB,HOE1,ANXB9,CG5080,CG14629,CG3940,RHOGAP18B,XRP1,CG2233,AXO,CG6287,CYP28D1,ZYD,CNMA,CYP12A4,CG5254,CG12065,CG7966,OGRE,GEL,CG17896,CG6723,CG10365,CG31974,CG34445,CG11791,CG42235,CG3168,ARR1,PDGY,CG3790,CG10361,CG31549,GS2,CG14945,CG1358,EDL,SYB,APOLPP,GOT1,SONA,GILT3,JHEH3,CG15082,MGL,MYD88,GSTD2,PDF,RH50,RIP11,ILP5,ARC2,CG12177,FABP,CG8312,PGRP-LA,WRAPPER,CG9436,NPC2G,TSP42EE,CG18343,OBP18A,OBP8A,GSTS1,MTNA,CYP12E1,SESN,NUF,EEF1ALPHA1,HTL,LMANII,HNF4,CG13117,BNB,KARL,CG6356,FOG,E,CG3091,JHI-26,CG10131,LECTIN-28C"
"TF","Factor: kay; motif: NGATGASTCATCN; match class: 1","TF:M07685_1","false","0.03240361508171869","1.4894065353964625","15","250","4","13981","CED-6,MFAS,ANXB9,ANXB11"
"HP","Proximal muscle weakness","HP:0003701","false","0.0038152216479790417","2.418480226333476","267","71","19","3220","N,GSTE1,GSTE2,GSTD9,ANXB9,GALPHAI,SODH-2,PABP2,CG5254,HEXO2,CG6723,ORCT,CG42235,CG9657,CG3790,SYB,GSTD2,ANXB11,CG6356"
"HP","Vocal cord paresis","HP:0001604","false","0.010586033815624533","1.9752667230487297","48","71","8","3220","N,GSTE1,GSTE2,GSTD9,CG6723,CG42235,CG9657,GSTD2"
"HP","Lower limb muscle weakness","HP:0007340","false","0.012603989655479136","1.8994919619380708","211","71","16","3220","N,GSTE1,GSTE2,GSTD9,IRK3,PDK,ANXB9,SODH-2,CG6723,CG42235,CG9657,SYB,GSTD2,ANXB11,FABP,NEP4"
"HP","Abnormality of peripheral nerve conduction","HP:0003134","false","0.01618882308478635","1.7907847229799065","167","71","14","3220","N,GSTE1,GSTE2,GSTD9,PDK,SODH-2,CG4250,CG6723,CG42235,CG9657,CG1358,SYB,GSTD2,FABP"
"HP","Neuropathic spinal arthropathy","HP:0008443","false","0.016943919103617748","1.770986130710167","51","71","8","3220","GSTE1,GSTE2,GSTD9,CG6723,CG42235,CG9657,SYB,GSTD2"
"HP","Distal lower limb muscle weakness","HP:0009053","false","0.019052674085578435","1.7200440615049677","125","71","12","3220","N,GSTE1,GSTE2,GSTD9,SODH-2,CG6723,CG42235,CG9657,SYB,GSTD2,FABP,NEP4"
"HP","Limb muscle weakness","HP:0003690","false","0.028945825999156603","1.5384140528770223","306","71","19","3220","N,GSTE1,GSTE2,GSTD9,IRK3,PDK,ANXB9,SODH-2,PABP2,CG5254,HEXO2,CG6723,CG42235,CG9657,SYB,GSTD2,ANXB11,FABP,NEP4"
"HP","Abnormality of peripheral nervous system electrophysiology","HP:0030177","false","0.03849914187873145","1.4145489505300728","180","71","14","3220","N,GSTE1,GSTE2,GSTD9,PDK,SODH-2,CG4250,CG6723,CG42235,CG9657,CG1358,SYB,GSTD2,FABP"
"HP","Abnormal peripheral nervous system physiology","HP:0032120","false","0.0410106914463079","1.387102908381753","181","71","14","3220","N,GSTE1,GSTE2,GSTD9,PDK,SODH-2,CG4250,CG6723,CG42235,CG9657,CG1358,SYB,GSTD2,FABP"
"HP","Distal amyotrophy","HP:0003693","false","0.044777625558408016","1.3489389396587668","233","71","16","3220","N,GSTE1,GSTE2,GSTD9,PDK,ANXB9,CG4250,CG5254,CG6723,CG42235,CG9657,SYB,GSTD2,ANXB11,FABP,NEP4"
"HP","Abnormality of the peripheral nervous system","HP:0410008","false","0.04813074379167545","1.317577426871896","376","71","21","3220","N,GSTE1,GSTE2,GSTD9,PDK,SODH-2,CG4250,MYO,HEXO2,GEL,CG6723,CG7509,CG42235,CG9657,CG1358,SYB,GSTD2,FABP,CG8312,NEP4,NEMY"
"HP","Abnormal nerve conduction velocity","HP:0040129","false","0.04875077569702892","1.31201846964218","137","71","12","3220","N,GSTE1,GSTE2,GSTD9,PDK,SODH-2,CG4250,CG6723,CG42235,CG9657,CG1358,GSTD2"
